{"cameraMode":{"drawMode":0,"name":"Shaded","section":"Shading Mode"},"sceneLighting":false,"audioPlay":false,"sceneViewState":{"showFog":true,"showMaterialUpdate":false,"showSkybox":true,"showFlares":true,"showImageEffects":true,"showParticleSystems":true},"in2DMode":false,"pivot":{"x":3.100958824157715,"y":0.5105681419372559,"z":-3.860934257507324},"rotation":{"x":0.00036947327316738665,"y":0.9989299178123474,"z":-0.045593105256557468,"w":0.008092749863862992},"size":3.1091179847717287,"orthographic":false}